Sno,Song,Artist,ArtistID,acousticness,danceability,liveness,loudness,speechiness,valence,energy
1,"Save Me, San Francisco",Train,1,0.0531,0.639,0.617,-2.729,0.0433,0.886,0.938
2,"Hey, Soul Sister",Train,1,0.185,0.673,0.0826,-4.44,0.0431,0.795,0.886
3,I Got You,Train,1,0.0157,0.608,0.345,-2.144,0.0916,0.754,0.909
4,"Cadillac, Cadillac",Train,1,0.00363,0.72,0.338,-3.559,0.0603,0.733,0.956
5,Bulletproof Picasso,Train,1,0.011,0.533,0.363,-4.306,0.0435,0.509,0.872
6,Angel in Blue Jeans,Train,1,0.0151,0.61,0.0998,-4.775,0.0331,0.688,0.817
7,She's On Fire,Train,1,0.000294,0.481,0.345,-5.231,0.0379,0.646,0.904
8,I Wish You Would,Train,1,0.00258,0.566,0.153,-5.91,0.0261,0.649,0.833
9,Drops of Jupiter,Train,1,0.154,0.468,0.154,-5.862,0.0275,0.499,0.64
10,Bad Guy,Eminem,2,0.064,0.612,0.257,-3.648,0.448,0.358,0.797
11,Parking Lot (Skit),Eminem,2,0.528,0.425,0.785,-8.808,0.366,0.126,0.83
12,Rhyme or Reason,Eminem,2,0.129,0.845,0.0552,-3.814,0.241,0.6,0.835
13,Cold Wind Blows,Eminem,2,0.13,0.619,0.782,-0.517,0.416,0.584,0.972
14,On Fire,Eminem,2,0.101,0.724,0.415,-4.349,0.287,0.558,0.909
15,Curtains Up (Skit),Eminem,2,0.00697,0.378,0.125,-19.785,0.036,0.0313,0.122
16,White America,Eminem,2,0.0103,0.558,0.105,-5.641,0.229,0.16,0.615
17,Business,Eminem,2,0.0325,0.901,0.144,-4.509,0.199,0.502,0.813
18,Blow,Kesha,3,0.00334,0.753,0.073,-3.862,0.0392,0.812,0.729
19,The Sleazy Remix (feat. André 3000),Kesha,3,0.0129,0.747,0.085,-4.84,0.213,0.883,0.876
20,TiK ToK,Kesha,3,0.0991,0.755,0.289,-2.718,0.142,0.714,0.837
21,Love,Kesha,3,0.00681,0.826,0.0889,-3.891,0.0982,0.756,0.612
22,LoveGame,Lady Gaga,4,0.00569,0.894,0.317,-5.611,0.0523,0.844,0.678
23,Paparazzi,Lady Gaga,4,0.113,0.762,0.094,-3.973,0.0438,0.397,0.692
24,Bad Romance,Lady Gaga,4,0.00314,0.696,0.0842,-3.755,0.0363,0.714,0.921
25,Alejandro,Lady Gaga,4,0.000358,0.626,0.36,-6.612,0.046,0.369,0.799
26,Monster,Lady Gaga,4,0.00124,0.694,0.479,-4.503,0.0441,0.646,0.801
27,Young Girls,Bruno Mars,5,0.461,0.561,0.205,-4.951,0.032,0.501,0.749
28,Locked Out of Heaven,Bruno Mars,5,0.049,0.726,0.309,-4.165,0.0431,0.867,0.698
29,Gorilla,Bruno Mars,5,0.445,0.717,0.0973,-6.598,0.0371,0.641,0.544
30,24K Magic,Bruno Mars,5,0.034,0.818,0.153,-4.282,0.0797,0.632,0.803
31,Chunky,Bruno Mars,5,0.0208,0.571,0.125,-4.446,0.116,0.727,0.539
32,Perm,Bruno Mars,5,0.0145,0.853,0.198,-3.715,0.0851,0.863,0.871
33,Grenade,Bruno Mars,5,0.146,0.706,0.118,-7.237,0.0593,0.227,0.558
34,Just the Way You Are,Bruno Mars,5,0.0151,0.637,0.0876,-5.413,0.0432,0.434,0.843
35,Our First Time,Bruno Mars,5,0.381,0.705,0.276,-8.221,0.0429,0.868,0.451
36,Somebody to Love,Justin Bieber,6,0.00248,0.714,0.298,-5.239,0.0259,0.652,0.834
37,Stuck In the Moment,Justin Bieber,6,0.165,0.719,0.133,-6.353,0.0559,0.362,0.698
38,Boyfriend,Justin Bieber,6,0.034,0.723,0.263,-6.821,0.0714,0.31,0.511
39,Boyfriend,Justin Bieber,6,0.034,0.723,0.263,-6.821,0.0714,0.31,0.511
40,As Long As You Love Me,Justin Bieber,6,0.0613,0.56,0.224,-3.905,0.0982,0.607,0.847
41,Beauty and a Beat,Justin Bieber,6,0.000704,0.601,0.0681,-4.87,0.0593,0.534,0.843
42,Dynamite,Taio Cruz,7,0.00379,0.751,0.036,-3.724,0.0859,0.816,0.783
43,Dynamite,Taio Cruz,7,0.00379,0.751,0.036,-3.724,0.0859,0.816,0.783
44,Say (All I Need),OneRepublic,8,0.0184,0.548,0.153,-5.741,0.0498,0.31,0.742
45,Mercy,OneRepublic,8,0.015,0.471,0.109,-5.563,0.0713,0.196,0.849
46,Stop and Stare,OneRepublic,8,0.0659,0.492,0.0756,-4.274,0.0332,0.251,0.859
47,Counting Stars,OneRepublic,8,0.0654,0.664,0.118,-4.972,0.0382,0.477,0.705
48,Love Runs Out,OneRepublic,8,0.159,0.713,0.0683,-5.381,0.054,0.74,0.903
49,If I Lose Myself,OneRepublic,8,0.258,0.519,0.139,-5.689,0.0402,0.16,0.754
50,Counting Stars,OneRepublic,8,0.0654,0.664,0.118,-4.972,0.0382,0.477,0.705
51,If I Lose Myself,OneRepublic,8,0.258,0.519,0.139,-5.689,0.0402,0.16,0.754
52,Feel Again,OneRepublic,8,0.0201,0.471,0.105,-8.017,0.0538,0.363,0.822
53,Harlem's Nocturne,Alicia Keys,9,0.345,0.487,0.177,-9.904,0.0883,0.331,0.63
54,Karma,Alicia Keys,9,0.0743,0.727,0.0347,-6.203,0.0615,0.687,0.736
55,Heartburn,Alicia Keys,9,0.218,0.717,0.0378,-9.109,0.365,0.839,0.63
56,The Element of Freedom (Intro),Alicia Keys,9,0.646,0,0.146,-33.442,0,0,0.0498
57,Love Is Blind,Alicia Keys,9,0.282,0.512,0.3,-6.83,0.0316,0.35,0.554
58,Once In a Lifetime,Flo Rida,11,0.182,0.707,0.0835,-4.553,0.116,0.326,0.865
59,My House,Flo Rida,11,0.0215,0.688,0.128,-4.792,0.0499,0.74,0.702
60,"I Don't Like It, I Love It (feat. Robin Thicke & Verdine White)",Flo Rida,11,0.0242,0.854,0.0793,-4.697,0.141,0.784,0.766
61,Finally Here,Flo Rida,11,0.0352,0.676,0.171,-5.563,0.22,0.316,0.82
62,Jump (feat. Nelly Furtado),Flo Rida,11,0.00439,0.731,0.26,-7.366,0.065,0.497,0.813
63,Gotta Get It (Dancer),Flo Rida,11,0.0262,0.728,0.136,-4.651,0.0415,0.917,0.83
64,American Superstar (feat. Lil Wayne),Flo Rida,11,0.0862,0.703,0.119,-4.823,0.0674,0.421,0.784
65,Elevator (feat. Timbaland),Flo Rida,11,0.109,0.812,0.214,-6.015,0.0905,0.47,0.874
66,31 Minutes to Takeoff,Mike Posner,12,0.851,0.686,0.066,-11.767,0.0312,0.34,0.422
67,Please Don't Go,Mike Posner,12,0.00296,0.699,0.13,-3.896,0.0311,0.657,0.882
68,Bow Chicka Wow Wow,Mike Posner,12,0.318,0.626,0.0429,-5.381,0.0534,0.523,0.67
69,"At Night, Alone.",Mike Posner,12,0.332,0,0.217,-30.674,0,0,0.0319
70,I Took a Pill in Ibiza,Mike Posner,12,0.0347,0.671,0.0801,-13.669,0.102,0.755,0.541
71,Not That Simple,Mike Posner,12,0.0912,0.717,0.156,-8.348,0.0632,0.529,0.807
72,Drug Dealer Girl,Mike Posner,12,0.0546,0.845,0.108,-4.003,0.0798,0.455,0.566
73,Cooler Than Me,Mike Posner,12,0.179,0.768,0.704,-4.63,0.0475,0.625,0.82
74,Red Button,Mike Posner,12,0.0452,0.888,0.102,-4.47,0.202,0.781,0.592
75,Like a G6,Far East Movement,13,0.00676,0.435,0.117,-8.126,0.449,0.778,0.837
76,Like a G6,Far East Movement,13,0.00676,0.435,0.117,-8.126,0.449,0.778,0.837
77,Live My Life (feat. Justin Bieber),Far East Movement,13,0.00223,0.831,0.189,-9.423,0.0503,0.588,0.367
78,Intro,Usher,14,0.224,0.358,0.412,-13.984,0.0458,0.215,0.459
79,Yeah!,Usher,14,0.0183,0.894,0.0388,-4.699,0.112,0.583,0.791
80,Throwback (feat. Jadakiss),Usher,14,0.000542,0.655,0.136,-5.451,0.129,0.319,0.751
81,Scream,Usher,14,0.00117,0.616,0.179,-5.18,0.0973,0.569,0.862
82,Climax,Usher,14,0.547,0.647,0.156,-8.837,0.0782,0.333,0.478
83,You Make Me Wanna...,Usher,14,0.0359,0.761,0.0945,-7.577,0.0539,0.922,0.639
84,Just Like Me,Usher,14,0.00939,0.645,0.899,-9.611,0.0615,0.803,0.658
85,Nice & Slow,Usher,14,0.153,0.819,0.3,-11.964,0.122,0.515,0.299
86,Intro,Sean Kingston,15,0.303,0.617,0.561,-8.501,0.169,0.43,0.605
87,Kingston,Sean Kingston,15,0.0279,0.589,0.323,-4.961,0.252,0.798,0.938
88,Take You There,Sean Kingston,15,0.0182,0.752,0.256,-4.321,0.0696,0.634,0.921
89,Intro,Sean Kingston,15,0.303,0.617,0.561,-8.501,0.169,0.43,0.605
90,Kingston,Sean Kingston,15,0.0279,0.589,0.323,-4.961,0.252,0.798,0.938
91,Take You There,Sean Kingston,15,0.0182,0.752,0.256,-4.321,0.0696,0.634,0.921
92,Back 2 Life (Live It Up) [feat. T.I.],Sean Kingston,15,0.0441,0.641,0.138,-4.519,0.0474,0.093,0.837
93,Beat It (feat. Chris Brown & Wiz Khalifa),Sean Kingston,15,0.00487,0.477,0.284,-5.386,0.109,0.555,0.637
94,Hold That (feat. Yo Gotti),Sean Kingston,15,0.41,0.77,0.131,-4.166,0.0309,0.76,0.694
95,Boom Boom Pow,The Black Eyed Peas,16,0.00296,0.896,0.151,-8.275,0.226,0.594,0.71
96,Rock That Body,The Black Eyed Peas,16,0.00147,0.667,0.346,-10.418,0.0432,0.606,0.569
97,Meet Me Halfway,The Black Eyed Peas,16,0.0113,0.774,0.11,-6.848,0.0633,0.42,0.574
98,Pump It,The Black Eyed Peas,16,0.000628,0.736,0.325,-3.401,0.145,0.755,0.824
99,The Time (Dirty Bit),The Black Eyed Peas,16,0.0339,0.799,0.0892,-12.642,0.0523,0.679,0.676
100,Music Again,Adam Lambert,17,0.00125,0.632,0.312,-3.476,0.0457,0.839,0.875
101,For Your Entertainment,Adam Lambert,17,0.0463,0.657,0.0823,-3.876,0.104,0.629,0.87
102,Whataya Want from Me,Adam Lambert,17,0.00706,0.44,0.0593,-4.732,0.0489,0.445,0.683
103,Trespassing,Adam Lambert,17,0.000397,0.874,0.128,-5.263,0.0467,0.826,0.612
104,Cuckoo,Adam Lambert,17,0.000957,0.673,0.155,-5.305,0.0453,0.817,0.724
105,Music Again,Adam Lambert,17,0.00125,0.632,0.312,-3.476,0.0457,0.839,0.875
106,For Your Entertainment,Adam Lambert,17,0.0463,0.657,0.0823,-3.876,0.104,0.629,0.87
107,Whataya Want from Me,Adam Lambert,17,0.00706,0.44,0.0593,-4.732,0.0489,0.445,0.683
108,If I Never See Your Face Again,Maroon 5,18,0.017,0.745,0.281,-2.446,0.0374,0.936,0.867
109,Makes Me Wonder,Maroon 5,18,0.00485,0.803,0.0577,-2.429,0.0357,0.881,0.851
110,Little of Your Time,Maroon 5,18,0.0658,0.686,0.104,-2.532,0.0801,0.965,0.963
111,Harder To Breathe,Maroon 5,18,0.0676,0.662,0.045,-4.622,0.0542,0.966,0.899
112,This Love,Maroon 5,18,0.0525,0.712,0.093,-4.612,0.0378,0.809,0.862
113,Shiver,Maroon 5,18,0.0421,0.625,0.865,-4.435,0.342,0.515,0.925
114,One More Night,Maroon 5,18,0.0558,0.716,0.0844,-3.435,0.0314,0.618,0.821
115,Daylight,Maroon 5,18,0.00242,0.656,0.255,-5.473,0.0269,0.369,0.674
116,Sins of My Youth,Neon Trees,19,5.89E-05,0.424,0.279,-5.016,0.0423,0.617,0.812
117,Love and Affection,Neon Trees,19,0.000201,0.538,0.103,-3.835,0.0372,0.69,0.853
118,Animal,Neon Trees,19,0.00034,0.482,0.378,-5.576,0.0437,0.739,0.829
119,Moving In the Dark,Neon Trees,19,0.000858,0.52,0.227,-5.434,0.0474,0.759,0.789
120,Teenage Sounds,Neon Trees,19,7.20E-06,0.423,0.175,-3.765,0.0543,0.572,0.952
121,Everybody Talks,Neon Trees,19,0.00301,0.471,0.313,-3.906,0.0586,0.725,0.924
122,Love In the 21st Century,Neon Trees,19,0.00195,0.573,0.123,-3.424,0.0546,0.95,0.915
123,Text Me In the Morning,Neon Trees,19,0.00582,0.595,0.345,-3.473,0.0277,0.71,0.788
124,Sleeping With a Friend,Neon Trees,19,0.00209,0.579,0.323,-4.255,0.036,0.486,0.888
125,When the Sun Goes Down,Selena Gomez & The Scene,20,0.0892,0.68,0.0353,-3.829,0.0767,0.89,0.799
126,Round & Round,Selena Gomez & The Scene,20,0.00242,0.537,0.584,-4.065,0.0705,0.572,0.691
127,A Year Without Rain,Selena Gomez & The Scene,20,0.0125,0.627,0.111,-5.296,0.0431,0.409,0.81
128,Rock God,Selena Gomez & The Scene,20,0.0437,0.743,0.0759,-3.421,0.166,0.841,0.873
129,Ring My Bells,Enrique Iglesias,21,0.114,0.815,0.0923,-6.926,0.0353,0.428,0.633
130,Do You Know? (The Ping Pong Song),Enrique Iglesias,21,0.0503,0.755,0.0326,-4.328,0.0486,0.691,0.765
131,I Like It (feat. Pitbull),Enrique Iglesias,21,0.333,0.709,0.0656,-7.934,0.0287,0.801,0.669
132,Roar,Katy Perry,22,0.00487,0.554,0.354,-4.821,0.0418,0.455,0.772
133,Legendary Lovers,Katy Perry,22,0.0224,0.623,0.078,-4.788,0.0846,0.386,0.836
134,Birthday,Katy Perry,22,0.0879,0.719,0.112,-5.122,0.0681,0.843,0.674
135,One of the Boys,Katy Perry,22,0.00201,0.564,0.0818,-2.393,0.0522,0.675,0.91
136,I Kissed a Girl,Katy Perry,22,0.00223,0.699,0.132,-3.173,0.0677,0.696,0.76
137,Waking Up In Vegas,Katy Perry,22,0.0012,0.524,0.098,-3.108,0.0346,0.59,0.878
138,Teenage Dream,Katy Perry,22,0.0162,0.719,0.134,-4.582,0.0361,0.591,0.798
139,Last Friday Night (T.G.I.F.),Katy Perry,22,0.00125,0.652,0.667,-3.797,0.0409,0.72,0.812
140,California Gurls (feat. Snoop Dogg),Katy Perry,22,0.00496,0.794,0.18,-4.312,0.0514,0.447,0.743
141,Womanizer,Britney Spears,23,0.073,0.724,0.0889,-5.226,0.0622,0.235,0.695
142,Circus,Britney Spears,23,0.147,0.791,0.0713,-5.215,0.052,0.761,0.733
143,Out from Under,Britney Spears,23,0.379,0.543,0.112,-10.463,0.0352,0.384,0.46
144,Till the World Ends,Britney Spears,23,0.0228,0.693,0.202,-5.747,0.0665,0.45,0.705
145,Hold It Against Me,Britney Spears,23,0.0103,0.648,0.24,-4.813,0.0427,0.389,0.722
146,Inside Out,Britney Spears,23,0.226,0.627,0.107,-5.656,0.0612,0.53,0.713
147,Tapp,3OH!3,24,0.00276,0.865,0.367,-6.607,0.367,0.106,0.798
148,Punkb*Tch,3OH!3,24,0.0147,0.593,0.145,-3.472,0.102,0.568,0.832
149,Beaumont,3OH!3,24,0.000835,0.503,0.149,-7.589,0.0528,0.156,0.457
150,I Can Do Anything,3OH!3,24,0.00247,0.54,0.368,-4.652,0.236,0.438,0.906
151,My First Kiss (feat. Ke$ha),3OH!3,24,0.00587,0.68,0.28,-5.287,0.0768,0.841,0.861
152,Beaumont,3OH!3,24,0.000835,0.503,0.149,-7.589,0.0528,0.156,0.457
153,I Can Do Anything,3OH!3,24,0.00247,0.54,0.368,-4.652,0.236,0.438,0.906
154,My First Kiss (feat. Ke$ha),3OH!3,24,0.00587,0.68,0.28,-5.287,0.0768,0.841,0.861
155,Where Them Girls At (feat. Nicki Minaj & Flo Rida),David Guetta,25,0.00704,0.676,0.0542,-2.332,0.0493,0.204,0.991
156,Little Bad Girl (feat. Taio Cruz & Ludacris),David Guetta,25,0.00572,0.668,0.358,-2.748,0.0334,0.648,0.829
157,Turn Me On (feat. Nicki Minaj),David Guetta,25,0.00622,0.787,0.168,-1.868,0.0845,0.604,0.887
158,Dangerous (feat. Sam Martin),David Guetta,25,0.417,0.466,0.107,-4.838,0.0795,0.43,0.747
159,What I Did For Love (feat. Emeli Sandé),David Guetta,25,0.107,0.494,0.119,-4.855,0.0416,0.356,0.721
160,No Money No Love (feat. Elliphant & Ms. Dynamite),David Guetta,25,0.0029,0.667,0.167,-3.354,0.0583,0.457,0.886
161,Sexy Bitch (feat. Akon),David Guetta,25,0.076,0.813,0.131,-5.018,0.0486,0.801,0.627
162,Gettin' Over You (feat. Fergie & LMFAO),David Guetta,25,0.178,0.616,0.0773,-5.077,0.0815,0.451,0.913
163,Memories (feat. Kid Cudi),David Guetta,25,0.00147,0.546,0.251,-3.931,0.255,0.38,0.916
164,Stripped Intro,Christina Aguilera,26,0.0696,0.296,0.309,-6.492,0.0727,0.171,0.827
165,Walk Away,Christina Aguilera,26,0.523,0.432,0.608,-6.053,0.102,0.116,0.421
166,Lotus Intro,Christina Aguilera,26,0.101,0.392,0.13,-9.495,0.044,0.204,0.467
167,Army of Me,Christina Aguilera,26,0.0307,0.706,0.0827,-4.566,0.0754,0.155,0.784
168,Red Hot Kinda Love,Christina Aguilera,26,0.00216,0.692,0.0622,-3.931,0.0431,0.382,0.8
169,Dog Days Are Over,Florence + The Machine,27,0.0241,0.487,0.115,-5.265,0.0935,0.188,0.838
170,Rabbit Heart (Raise It Up),Florence + The Machine,27,0.092,0.625,0.266,-3.483,0.0462,0.418,0.858
171,Only If for a Night,Florence + The Machine,27,0.0441,0.482,0.0921,-5.988,0.0346,0.378,0.727
172,Shake It Out,Florence + The Machine,27,0.122,0.571,0.74,-4.528,0.0362,0.261,0.691
173,What the Water Gave Me,Florence + The Machine,27,0.00681,0.483,0.112,-6.41,0.0316,0.187,0.572
174,Ship To Wreck,Florence + The Machine,27,0.00147,0.564,0.277,-3.843,0.0325,0.587,0.923
175,What Kind of Man,Florence + The Machine,27,0.0229,0.313,0.129,-4.676,0.0431,0.224,0.635
176,"How Big, How Blue, How Beautiful",Florence + The Machine,27,0.605,0.372,0.177,-4.941,0.0324,0.0825,0.539
177,How Do You Do,Shakira,28,0.139,0.628,0.245,-4.662,0.065,0.438,0.686
178,Illegal (feat. Carlos Santana),Shakira,28,0.664,0.673,0.115,-8.254,0.0428,0.594,0.414
179,Hips Don't Lie (feat. Wyclef Jean),Shakira,28,0.284,0.778,0.405,-5.892,0.0712,0.756,0.824
180,Objection (Tango),Shakira,28,0.0147,0.603,0.0246,-5.282,0.0677,0.705,0.864
181,Underneath Your Clothes,Shakira,28,0.686,0.616,0.104,-5.328,0.0415,0.362,0.597
182,"Whenever, Wherever",Shakira,28,0.236,0.793,0.202,-4.862,0.0406,0.872,0.832
183,En Tus Pupilas,Shakira,28,0.442,0.654,0.112,-12.454,0.0326,0.303,0.309
184,La Pared,Shakira,28,0.638,0.755,0.102,-7.101,0.0329,0.615,0.688
185,La Tortura (feat. Alejandro Sanz),Shakira,28,0.0297,0.74,0.123,-5.367,0.0427,0.812,0.783
186,Intro,Tinie Tempah,29,0.000504,0.476,0.226,-5.314,0.131,0.273,0.858
187,Simply Unstoppable,Tinie Tempah,29,0.0251,0.503,0.161,-3.148,0.273,0.841,0.942
188,Pass Out,Tinie Tempah,29,0.0281,0.693,0.143,-3.261,0.296,0.532,0.891
189,Sexy Beast (Freestyle),Tinie Tempah,29,0.049,0.691,0.13,-11.7,0.246,0.453,0.65
190,Big Money,Tinie Tempah,29,0.00687,0.524,0.177,-11.109,0.222,0.439,0.62
191,Body Language,Tinie Tempah,29,0.0667,0.554,0.164,-11.323,0.519,0.0648,0.897
192,56 Bars (Intro),T.I.,30,0.148,0.522,0.367,-3.859,0.28,0.415,0.902
193,Ready for Whatever,T.I.,30,0.00844,0.602,0.285,-5.882,0.0966,0.292,0.71
194,The Introduction,T.I.,30,0.00528,0.588,0.16,-5.646,0.174,0.393,0.752
195,G Season (feat. Meek Mill),T.I.,30,0.0137,0.662,0.244,-4.91,0.132,0.446,0.708
196,Trap Back Jumpin,T.I.,30,0.000243,0.771,0.271,-5.772,0.0719,0.119,0.657
197,Welcome to the World (feat. Kanye West & Kid Cudi),T.I.,30,0.012,0.748,0.199,-3.532,0.0565,0.345,0.849
198,How Life Changed (feat. Mitchelle'l & Scarface),T.I.,30,0.103,0.666,0.0703,-2.081,0.295,0.566,0.879
199,Get Back Up (feat. Chris Brown),T.I.,30,0.6,0.556,0.0937,-6.264,0.35,0.648,0.699
200,Trust,Christina Perri,32,0.877,0.675,0.124,-10.719,0.0395,0.0367,0.138
201,Burning Gold,Christina Perri,32,0.0175,0.565,0.11,-5.851,0.0269,0.213,0.673
202,Bluebird,Christina Perri,32,0.433,0.423,0.0701,-7.587,0.0454,0.266,0.46
203,Arms,Christina Perri,32,0.11,0.463,0.103,-7.244,0.0634,0.252,0.755
204,Bang Bang Bang,Christina Perri,32,0.00324,0.445,0.262,-5.578,0.0629,0.589,0.797
205,Bluebird,Christina Perri,32,0.433,0.423,0.0701,-7.587,0.0454,0.266,0.46
206,Arms,Christina Perri,32,0.11,0.463,0.103,-7.244,0.0634,0.252,0.755
207,Bang Bang Bang,Christina Perri,32,0.00324,0.445,0.262,-5.578,0.0629,0.589,0.797
208,Hello,Adele,33,0.329,0.47,0.0854,-6.129,0.0342,0.289,0.431
209,Send My Love (To Your New Lover),Adele,33,0.0356,0.688,0.172,-8.361,0.0875,0.565,0.532
210,I Miss You,Adele,33,0.01,0.382,0.433,-4.254,0.047,0.156,0.577
211,Ride,Adele,33,0.727,0.525,0.271,-5.335,0.0354,0.734,0.625
212,One and Only,Adele,33,0.295,0.528,0.165,-5.306,0.0287,0.184,0.467
213,Rumour Has It,Adele,33,0.617,0.612,0.167,-5.014,0.0445,0.574,0.748
214,Mr. Worldwide (Intro) [feat. Vein],Pitbull,34,0.0567,0.779,0.332,-3.268,0.0866,0.762,0.912
215,"Give Me Everything (feat. Ne-Yo, Afrojack & Nayer)",Pitbull,34,0.192,0.671,0.298,-3.206,0.161,0.529,0.939
216,Rain Over Me (feat. Marc Anthony),Pitbull,34,0.00416,0.61,0.758,-2.117,0.0647,0.294,0.906
217,Ah Leke (feat. Sean Paul),Pitbull,34,0.0437,0.811,0.185,-3.966,0.169,0.932,0.889
218,Fun (feat. Chris Brown),Pitbull,34,0.156,0.793,0.193,-3.667,0.0478,0.547,0.774
219,Fireball (feat. John Ryan),Pitbull,34,0.0908,0.761,0.0606,-5.38,0.056,0.836,0.933
220,Global Warming (feat. Sensato),Pitbull,34,0.152,0.833,0.111,-7.072,0.272,0.809,0.675
221,Feel This Moment (feat. Christina Aguilera),Pitbull,34,0.039,0.673,0.341,-3.632,0.158,0.542,0.758
222,Pretty Hurts,Beyonc‚,35,0.00308,0.512,0.346,-6.764,0.0508,0.201,0.625
223,Haunted,Beyonc‚,35,0.103,0.436,0.507,-9.416,0.0773,0.325,0.534
224,Drunk in Love (feat. Jay Z),Beyonc‚,35,0.00969,0.589,0.181,-6.902,0.0468,0.401,0.621
225,07-Nov,Beyonc‚,35,0.0128,0.747,0.126,-5.137,0.126,0.56,0.705
226,Flawless Remix (feat. Nicki Minaj),Beyonc‚,35,0.241,0.639,0.484,-7.273,0.215,0.457,0.659
227,Drunk in Love Remix (feat. JAY Z & Kanye West),Beyonc‚,35,0.161,0.514,0.118,-3.58,0.052,0.474,0.763
228,Love On Top,Beyonc‚,35,0.0849,0.652,0.604,-5.242,0.0887,0.652,0.748
229,Party (feat. André 3000),Beyonc‚,35,0.0188,0.648,0.169,-6.267,0.0506,0.712,0.593
230,Schoolin' Life,Beyonc‚,35,0.0289,0.799,0.339,-5.481,0.0822,0.551,0.715
231,I Like It Like That (feat. New Boyz),Hot Chelle Rae,36,0.045,0.747,0.317,-5.938,0.0569,0.617,0.771
232,Tonight Tonight,Hot Chelle Rae,36,0.0764,0.686,0.163,-4.977,0.119,0.814,0.783
233,Honestly,Hot Chelle Rae,36,0.0268,0.641,0.11,-4.271,0.0375,0.916,0.787
234,Say (Half Past Nine),Hot Chelle Rae,36,0.000113,0.536,0.206,-3.065,0.0601,0.682,0.953
235,I Like to Dance,Hot Chelle Rae,36,0.00179,0.62,0.0887,-2.595,0.0486,0.83,0.958
236,Never Have I Ever,Hot Chelle Rae,36,6.46E-05,0.529,0.225,-3.2,0.0489,0.787,0.916
237,I Hate LA,Hot Chelle Rae,36,0.0234,0.854,0.0887,-6.649,0.0607,0.504,0.457
238,Too Much,Hot Chelle Rae,36,0.15,0.76,0.0616,-6.976,0.0536,0.578,0.612
239,Stay,Hot Chelle Rae,36,0.00536,0.439,0.197,-6.523,0.257,0.416,0.646
240,Head Above Water,Avril Lavigne,37,0.0112,0.578,0.102,-5.351,0.0706,0.268,0.694
241,Birdie,Avril Lavigne,37,0.272,0.548,0.26,-3.524,0.0864,0.452,0.824
242,I Fell in Love with the Devil,Avril Lavigne,37,0.0235,0.522,0.195,-7.165,0.0831,0.215,0.677
243,Take Me Away,Avril Lavigne,37,0.00138,0.511,0.198,-2.489,0.0343,0.255,0.892
244,Together,Avril Lavigne,37,0.000346,0.435,0.228,-2.91,0.035,0.301,0.861
245,Dark Fantasy,Kanye West,38,0.274,0.59,0.167,-5.919,0.0457,0.367,0.587
246,Power,Kanye West,38,0.0162,0.543,0.744,-4.746,0.113,0.577,0.915
247,On Sight,Kanye West,38,0.487,0.608,0.28,-3.182,0.325,0.515,0.469
248,Black Skinhead,Kanye West,38,0.00112,0.766,0.168,-6.124,0.268,0.299,0.821
249,Intro,Kanye West,38,0.223,0.806,0.519,-13.888,0.904,0.476,0.349
250,We Don't Care,Kanye West,38,0.0142,0.595,0.247,-5.827,0.181,0.647,0.754
251,Graduation Day,Kanye West,38,0.684,0.418,0.414,-9.058,0.338,0.869,0.447
252,Rock the Beat II,LMFAO,39,0.00215,0.388,0.188,-3.674,0.247,0.343,0.893
253,Sorry for Party Rocking,LMFAO,39,0.00213,0.6,0.413,-4.351,0.165,0.55,0.877
254,Rock the Beat II,LMFAO,39,0.00215,0.388,0.188,-3.674,0.247,0.343,0.893
255,Sorry for Party Rocking,LMFAO,39,0.00213,0.6,0.413,-4.351,0.165,0.55,0.877
256,Sweet Talker,Jessie J,40,0.61,0.663,0.208,-5.323,0.0621,0.588,0.655
257,Price Tag (feat. B.o.B),Jessie J,40,0.0839,0.583,0.387,-1.704,0.187,0.774,0.92
258,Nobody's Perfect,Jessie J,40,0.00226,0.571,0.663,-3.22,0.285,0.661,0.881
259,Abracadabra,Jessie J,40,0.0352,0.831,0.0393,-4.488,0.0415,0.767,0.822
260,Good Hit,Jennifer Lopez,41,0.115,0.797,0.121,-4.675,0.202,0.727,0.722
261,First Love,Jennifer Lopez,41,0.00961,0.622,0.311,-5.084,0.0444,0.455,0.708
262,Never Satisfied,Jennifer Lopez,41,0.0705,0.589,0.147,-4.159,0.0698,0.231,0.725
263,Qué Hiciste,Jennifer Lopez,41,0.526,0.623,0.161,-5.595,0.0996,0.594,0.71
264,Me Haces Falta,Jennifer Lopez,41,0.336,0.699,0.116,-8.006,0.0482,0.679,0.549
265,Como Ama una Mujer,Jennifer Lopez,41,0.681,0.553,0.118,-9.97,0.0304,0.107,0.355
266,Back to Sleep,Chris Brown,42,0.119,0.653,0.483,-6.308,0.213,0.797,0.675
267,Fine By Me,Chris Brown,42,0.14,0.714,0.0689,-4.833,0.049,0.665,0.701
268,Wrist (feat. Solo Lucci),Chris Brown,42,0.489,0.758,0.239,-8.338,0.154,0.518,0.388
269,Westside,Chris Brown,42,0.218,0.631,0.124,-7.118,0.32,0.376,0.703
270,Nothin' Like Me (feat. Ty Dolla $ign),Chris Brown,42,0.0286,0.854,0.0709,-7.983,0.121,0.431,0.547
271,Ayo,Chris Brown,42,0.0399,0.823,0.0851,-5.095,0.0443,0.682,0.563
272,Lost & Found,Chris Brown,42,0.652,0.483,0.123,-8.012,0.078,0.668,0.532
273,Privacy,Chris Brown,42,0.153,0.741,0.109,-7.741,0.378,0.428,0.58
274,Juicy Booty (feat. Jhené Aiko & R. Kelly),Chris Brown,42,0.0233,0.756,0.0914,-6.285,0.0637,0.731,0.598
275,Overture,Sleeping At Last,43,0.862,0.372,0.314,-11.811,0.0371,0.484,0.386
276,Woodwork,Sleeping At Last,43,0.548,0.191,0.079,-9.877,0.0375,0.0676,0.426
277,The Safety Dance,Sleeping At Last,43,0.706,0.443,0.12,-10.028,0.0365,0.423,0.349
278,Total Eclipse of the Heart,Sleeping At Last,43,0.952,0.45,0.159,-9.449,0.0533,0.366,0.257
279,Porcelain,Sleeping At Last,43,0.607,0.306,0.269,-7.474,0.0343,0.0798,0.55
280,Chandeliers,Sleeping At Last,43,0.443,0.266,0.0954,-8.259,0.031,0.0842,0.505
281,Naive,Sleeping At Last,43,0.939,0.402,0.105,-16.257,0.0465,0.228,0.0468
282,All Things Go,Nicki Minaj,44,0.0718,0.751,0.105,-10.966,0.281,0.276,0.463
283,I Lied,Nicki Minaj,44,0.384,0.623,0.109,-8.712,0.0881,0.387,0.388
284,I'm the Best,Nicki Minaj,44,0.0288,0.486,0.538,-5.037,0.335,0.321,0.835
285,Did It On'em,Nicki Minaj,44,0.0445,0.559,0.204,-7.032,0.351,0.472,0.414
286,Roman Holiday,Nicki Minaj,44,0.0304,0.8,0.162,-6.186,0.0967,0.402,0.742
287,Come On a Cone,Nicki Minaj,44,0.365,0.724,0.216,-4.419,0.195,0.753,0.822
288,Are We All We Are,P!nk,45,0.000933,0.49,0.823,-3.51,0.0658,0.527,0.93
289,Blow Me (One Last Kiss),P!nk,45,0.000145,0.597,0.282,-2.954,0.044,0.73,0.919
290,Try,P!nk,45,0.00141,0.673,0.0944,-7.072,0.0299,0.551,0.629
291,Get the Party Started,P!nk,45,0.00108,0.802,0.173,-3.267,0.0459,0.961,0.904
292,There You Go,P!nk,45,0.0862,0.822,0.0452,-6.729,0.0916,0.667,0.847
293,So What,P!nk,45,0.000329,0.534,0.241,-3.078,0.0425,0.462,0.87
294,Sober,P!nk,45,0.0626,0.612,0.187,-4.896,0.0315,0.373,0.797
295,I Don't Believe You,P!nk,45,0.762,0.459,0.108,-9.092,0.0274,0.238,0.276
296,Mylo Xyloto,Coldplay,46,0.435,0.151,0.228,-12.799,0.0373,0.226,0.389
297,Hurts Like Heaven,Coldplay,46,0.01,0.419,0.269,-6.187,0.0305,0.274,0.773
298,Paradise,Coldplay,46,0.0522,0.449,0.0833,-6.762,0.0268,0.203,0.585
299,Always In My Head,Coldplay,46,0.0128,0.499,0.068,-9.307,0.0254,0.0397,0.502
300,Magic,Coldplay,46,0.0262,0.738,0.106,-8.915,0.0403,0.355,0.483
301,Ink,Coldplay,46,0.0661,0.688,0.118,-7.31,0.0324,0.689,0.706
302,Best Song Ever,One Direction,47,0.0227,0.652,0.0789,-2.986,0.0465,0.486,0.877
303,Story of My Life,One Direction,47,0.225,0.6,0.119,-5.802,0.0477,0.286,0.663
304,Diana,One Direction,47,0.0604,0.549,0.137,-4.319,0.0614,0.755,0.868
305,Steal My Girl,One Direction,47,0.00433,0.536,0.114,-5.948,0.0347,0.545,0.768
306,Ready to Run,One Direction,47,0.00229,0.524,0.171,-4.174,0.036,0.299,0.831
307,Where Do Broken Hearts Go,One Direction,47,0.0014,0.565,0.105,-3.715,0.0326,0.647,0.862
308,Welcome To New York,Taylor Swift,48,0.038,0.793,0.304,-4.807,0.0324,0.615,0.634
309,Blank Space,Taylor Swift,48,0.103,0.76,0.0913,-5.412,0.054,0.57,0.703
310,Style,Taylor Swift,48,0.00245,0.588,0.118,-5.595,0.0402,0.487,0.791
311,Mine,Taylor Swift,48,0.00327,0.621,0.184,-2.934,0.0297,0.672,0.78
312,Sparks Fly,Taylor Swift,48,0.0387,0.608,0.158,-2.976,0.0311,0.376,0.785
313,Back to December,Taylor Swift,48,0.0202,0.517,0.324,-5.797,0.0289,0.296,0.606
314,Tiny Little Bows,Carly Rae Jepsen,49,0.0335,0.77,0.118,-4.85,0.058,0.876,0.924
315,This Kiss,Carly Rae Jepsen,49,0.00711,0.736,0.301,-4.323,0.0339,0.704,0.88
316,Call Me Maybe,Carly Rae Jepsen,49,0.0114,0.783,0.108,-6.548,0.0408,0.66,0.58
317,First Time,Carly Rae Jepsen,49,0.0545,0.849,0.326,-4.288,0.0602,0.576,0.726
318,Higher,Carly Rae Jepsen,49,0.00905,0.647,0.373,-4.565,0.0575,0.444,0.874
319,The One,Carly Rae Jepsen,49,0.0207,0.812,0.0976,-4.828,0.0486,0.86,0.783
320,Mr. Know It All,Kelly Clarkson,50,0.0284,0.676,0.0701,-5.131,0.029,0.443,0.807
321,Stronger (What Doesn't Kill You),Kelly Clarkson,50,0.046,0.562,0.112,-4.282,0.0475,0.684,0.939
322,Dark Side,Kelly Clarkson,50,0.0991,0.559,0.292,-4.04,0.05,0.292,0.86
323,Breakaway,Kelly Clarkson,50,0.0421,0.268,0.108,-4.151,0.0337,0.393,0.716
324,Since U Been Gone,Kelly Clarkson,50,0.00206,0.662,0.113,-5.354,0.0322,0.382,0.739
325,Behind These Hazel Eyes,Kelly Clarkson,50,0.00165,0.548,0.197,-4.682,0.0382,0.425,0.889
326,Wrapped in Red,Kelly Clarkson,50,0.365,0.54,0.132,-4.668,0.0366,0.36,0.734
327,Underneath the Tree,Kelly Clarkson,50,0.0013,0.509,0.214,-5.438,0.0537,0.689,0.812
328,Have Yourself a Merry Little Christmas,Kelly Clarkson,50,0.947,0.26,0.108,-10.463,0.0345,0.175,0.221
329,Cave In,Owl City,51,0.000721,0.667,0.225,-7.332,0.0333,0.649,0.733
330,The Bird and the Worm,Owl City,51,0.0249,0.556,0.127,-6.794,0.029,0.6,0.615
331,Hello Seattle,Owl City,51,0.00223,0.616,0.158,-4.682,0.0283,0.74,0.744
332,The Real World,Owl City,51,0.0584,0.546,0.0792,-5.196,0.0345,0.763,0.803
333,Deer In the Headlights,Owl City,51,0.0287,0.574,0.0697,-3.573,0.0485,0.95,0.981
334,Angels,Owl City,51,0.228,0.643,0.151,-4.498,0.0348,0.548,0.923
335,Dreams and Disasters,Owl City,51,0.00264,0.618,0.114,-4.417,0.0353,0.882,0.855
336,Shooting Star,Owl City,51,0.0125,0.514,0.112,-4.94,0.0522,0.459,0.872
337,Gold,Owl City,51,0.108,0.499,0.0928,-4.391,0.0537,0.54,0.931
338,Glad You Came,The Wanted,52,0.0319,0.722,0.108,-3.873,0.0639,0.452,0.851
339,Chasing the Sun,The Wanted,52,0.242,0.636,0.498,-6.209,0.0962,0.679,0.732
340,All Time Low,The Wanted,52,0.0293,0.636,0.0713,-6.584,0.0427,0.608,0.673
341,We Own the Night,The Wanted,52,0.00591,0.547,0.227,-4.052,0.131,0.557,0.939
342,In the Middle,The Wanted,52,0.296,0.599,0.117,-6.507,0.0385,0.219,0.771
343,Running Out of Reasons,The Wanted,52,0.125,0.626,0.0574,-3.728,0.0261,0.272,0.652
344,Glad You Came,The Wanted,52,0.0319,0.722,0.108,-3.873,0.0639,0.452,0.851
345,Glad You Came,The Wanted,52,0.0319,0.722,0.108,-3.873,0.0639,0.452,0.851
346,Glad You Came,The Wanted,52,0.0319,0.722,0.108,-3.873,0.0639,0.452,0.851
347,Some Nights (Intro),fun.,53,0.78,0.48,0.631,-10.587,0.0569,0.308,0.238
348,Some Nights,fun.,53,0.0178,0.672,0.0927,-7.045,0.0506,0.392,0.738
349,We Are Young (feat. Janelle Monáe),fun.,53,0.02,0.378,0.0849,-5.576,0.075,0.735,0.638
350,Be Calm,fun.,53,0.146,0.412,0.188,-6.508,0.0431,0.314,0.52
351,Benson Hedges,fun.,53,0.0281,0.365,0.631,-5.042,0.109,0.446,0.889
352,All the Pretty Girls,fun.,53,0.258,0.646,0.199,-4.654,0.0602,0.773,0.787
353,Be Calm,fun.,53,0.146,0.412,0.188,-6.508,0.0431,0.314,0.52
354,Benson Hedges,fun.,53,0.0281,0.365,0.631,-5.042,0.109,0.446,0.889
355,All the Pretty Girls,fun.,53,0.258,0.646,0.199,-4.654,0.0602,0.773,0.787
356,My Blood,Ellie Goulding,54,0.556,0.476,0.281,-5.283,0.029,0.306,0.592
357,Anything Could Happen,Ellie Goulding,54,0.433,0.702,0.135,-4.081,0.03,0.382,0.781
358,Za Intro,Gym Class Heroes,55,0.784,0.527,0.185,-7.047,0.115,0.819,0.691
359,Martyrial Girl$,Gym Class Heroes,55,0.000148,0.359,0.35,-4.778,0.109,0.333,0.957
360,Life Goes On (feat. Oh Land),Gym Class Heroes,55,0.0455,0.544,0.114,-4.346,0.159,0.484,0.869
361,The Queen and I,Gym Class Heroes,55,0.0113,0.627,0.0465,-8.953,0.0598,0.924,0.832
362,Shoot Down the Stars,Gym Class Heroes,55,0.167,0.684,0.155,-5.807,0.129,0.694,0.811
363,New Friend Request,Gym Class Heroes,55,0.0263,0.634,0.131,-5.389,0.237,0.701,0.85
364,The Queen and I,Gym Class Heroes,55,0.0113,0.627,0.0465,-8.953,0.0598,0.924,0.832
365,Shoot Down the Stars,Gym Class Heroes,55,0.167,0.684,0.155,-5.807,0.129,0.694,0.811
366,New Friend Request,Gym Class Heroes,55,0.0263,0.634,0.131,-5.389,0.237,0.701,0.85
367,Wake Me Up,Avicii,56,0.0038,0.532,0.161,-5.697,0.0523,0.643,0.783
368,You Make Me,Avicii,56,0.00247,0.586,0.152,-4.799,0.039,0.496,0.727
369,Hey Brother,Avicii,56,0.0552,0.456,0.397,-4.618,0.085,0.563,0.845
370,Levels,Avicii,56,0.047,0.584,0.309,-5.941,0.0343,0.466,0.89
371,Levels,Avicii,56,0.047,0.584,0.309,-5.941,0.0343,0.466,0.89
372,Levels,Avicii,56,0.047,0.584,0.309,-5.941,0.0343,0.466,0.89
373,We Cry,The Script,57,0.0479,0.555,0.351,-4.604,0.0642,0.663,0.881
374,Before the Worst,The Script,57,0.122,0.602,0.692,-4.204,0.0427,0.393,0.919
375,Talk You Down,The Script,57,0.0535,0.537,0.155,-3.928,0.0425,0.386,0.906
376,No Good in Goodbye,The Script,57,0.0104,0.365,0.0839,-4.657,0.0436,0.216,0.873
377,Superheroes,The Script,57,0.00219,0.491,0.0741,-4.121,0.0395,0.641,0.885
378,Man on a Wire,The Script,57,0.00198,0.393,0.0698,-3.533,0.0363,0.361,0.836
379,Breakout,Miley Cyrus,58,0.000132,0.444,0.229,-3.742,0.0504,0.796,0.841
380,7 Things,Miley Cyrus,58,0.0232,0.59,0.0786,-4.478,0.0363,0.542,0.903
381,The Driveway,Miley Cyrus,58,0.0245,0.434,0.104,-3.693,0.0471,0.552,0.87
382,Liberty Walk,Miley Cyrus,58,0.000472,0.573,0.36,-3.569,0.0403,0.581,0.886
383,Who Owns My Heart,Miley Cyrus,58,0.0106,0.571,0.0864,-4.985,0.129,0.356,0.805
384,Younger Now,Miley Cyrus,58,0.00129,0.548,0.138,-4.881,0.0618,0.328,0.873
385,Malibu,Miley Cyrus,58,0.0767,0.573,0.0813,-6.406,0.0555,0.343,0.781
386,Rainbowland (feat. Dolly Parton),Miley Cyrus,58,0.0789,0.572,0.0736,-6.665,0.0441,0.651,0.586
387,Greyhound,Swedish House Mafia,59,0.00666,0.723,0.276,-4.989,0.0521,0.539,0.806
388,Antidote (Radio Edit),Swedish House Mafia,59,0.00645,0.648,0.135,-4.974,0.111,0.633,0.859
389,Antidote,Swedish House Mafia,59,0.00645,0.648,0.135,-4.974,0.111,0.633,0.859
390,Antidote (Knife Party Dub),Swedish House Mafia,59,0.00223,0.721,0.0206,-6.163,0.116,0.391,0.836
391,Give Life Back to Music,Daft Punk,60,0.00286,0.788,0.0952,-10.671,0.0337,0.696,0.616
392,The Game of Love,Daft Punk,60,0.825,0.712,0.106,-11.948,0.0338,0.682,0.5
393,Giorgio by Moroder,Daft Punk,60,0.0692,0.74,0.381,-10.42,0.0504,0.41,0.682
394,Back from the Edge,James Arthur,61,0.091,0.486,0.122,-4.441,0.0539,0.474,0.726
395,Say You Won't Let Go,James Arthur,61,0.695,0.358,0.0902,-7.398,0.059,0.494,0.557
396,Prisoner,James Arthur,61,0.0288,0.601,0.183,-5.122,0.117,0.759,0.85
397,Get Down,James Arthur,61,0.000784,0.495,0.322,-4.971,0.0374,0.348,0.774
398,New Tattoo,James Arthur,61,0.0321,0.651,0.146,-4.656,0.209,0.609,0.908
399,Complicated,Robin Thicke,62,0.443,0.754,0.164,-9.144,0.0494,0.404,0.367
400,Would That Make U Love Me,Robin Thicke,62,0.127,0.962,0.108,-10.694,0.0618,0.781,0.377
401,Take It Easy On Me,Robin Thicke,62,0.00403,0.716,0.0675,-6.335,0.0426,0.617,0.852
402,Ooo La La,Robin Thicke,62,0.0188,0.683,0.316,-4.292,0.0424,0.615,0.831
403,911,Robin Thicke,62,0.0551,0.897,0.162,-6.669,0.495,0.884,0.532
404,Mrs. Sexy,Robin Thicke,62,0.23,0.725,0.104,-5.323,0.0865,0.732,0.652
405,Sex Therapy,Robin Thicke,62,0.647,0.704,0.228,-4.404,0.0294,0.37,0.524
406,Who's That Boy (feat. Dev),Demi Lovato,63,2.45E-05,0.721,0.0693,-9.68,0.0804,0.4,0.626
407,Confident,Demi Lovato,63,0.00188,0.594,0.0869,-6.251,0.0677,0.344,0.749
408,Cool for the Summer,Demi Lovato,63,0.00425,0.583,0.14,-5.639,0.0382,0.336,0.61
409,Old Ways,Demi Lovato,63,0.214,0.626,0.262,-6.487,0.0582,0.58,0.69
410,La la Land,Demi Lovato,63,0.0149,0.467,0.0193,-2.255,0.069,0.706,0.919
411,Get Back,Demi Lovato,63,0.00327,0.558,0.0426,-3.722,0.116,0.72,0.867
412,Trainwreck,Demi Lovato,63,0.193,0.477,0.349,-3.846,0.0476,0.587,0.836
413,Shave It Up,Zedd,64,0.000176,0.539,0.334,-4.213,0.0379,0.293,0.965
414,Shave It Up,Zedd,64,0.000176,0.539,0.334,-4.213,0.0379,0.293,0.965
415,Born to Die,Lana Del Rey,65,0.222,0.428,0.277,-6.639,0.0339,0.379,0.626
416,Off to the Races,Lana Del Rey,65,0.0621,0.399,0.278,-5.562,0.0523,0.113,0.721
417,Blue Jeans,Lana Del Rey,65,0.418,0.558,0.0821,-4.405,0.0633,0.488,0.837
418,Ride,Lana Del Rey,65,0.128,0.373,0.383,-5.52,0.034,0.189,0.686
419,American,Lana Del Rey,65,0.624,0.387,0.112,-9.77,0.0353,0.113,0.352
420,Cola,Lana Del Rey,65,0.0699,0.298,0.59,-5.536,0.0478,0.121,0.668
421,Born to Die,Lana Del Rey,65,0.222,0.428,0.277,-6.639,0.0339,0.379,0.626
422,Off to the Races,Lana Del Rey,65,0.0621,0.399,0.278,-5.562,0.0523,0.113,0.721
423,Blue Jeans,Lana Del Rey,65,0.418,0.558,0.0821,-4.405,0.0633,0.488,0.837
424,Green Valley,Calvin Harris,66,0.439,0.483,0.0756,-8.922,0.0509,0.226,0.494
425,Bounce (feat. Kelis),Calvin Harris,66,0.0334,0.779,0.664,-2.125,0.0399,0.759,0.963
426,Feel so Close,Calvin Harris,66,0.000972,0.707,0.204,-2.842,0.031,0.919,0.924
427,Faith,Calvin Harris,66,0.235,0.623,0.398,-2.675,0.0427,0.535,0.957
428,Under Control (feat. Hurts),Calvin Harris,66,0.0388,0.643,0.0604,-5.102,0.0644,0.148,0.9
429,Blame (feat. John Newman),Calvin Harris,66,0.0293,0.614,0.135,-4.102,0.0443,0.175,0.911
430,Slide (feat. Frank Ocean & Migos),Calvin Harris,66,0.498,0.736,0.254,-3.299,0.0545,0.511,0.795
431,"Cash Out (feat. ScHoolboy Q, PARTYNEXTDOOR & D.R.A.M)",Calvin Harris,66,0.176,0.74,0.0799,-4.403,0.164,0.765,0.76
432,"Heatstroke (feat. Young Thug, Pharrell Williams & Ariana Grande)",Calvin Harris,66,0.339,0.785,0.176,-4.545,0.0505,0.73,0.735
433,Keep the Family Close,Drake,67,0.139,0.352,0.382,-7.675,0.0454,0.205,0.56
434,9,Drake,67,0.000819,0.704,0.229,-7.198,0.0445,0.0381,0.71
435,U With Me?,Drake,67,0.34,0.43,0.134,-11.352,0.157,0.12,0.422
436,Legend,Drake,67,0.0269,0.712,0.0776,-7.573,0.071,0.299,0.563
437,Energy,Drake,67,0.38,0.748,0.534,-7.916,0.478,0.553,0.571
438,10 Bands,Drake,67,0.262,0.825,0.0762,-3.687,0.384,0.89,0.757
439,Tuscan Leather,Drake,67,0.114,0.432,0.236,-5.4,0.437,0.296,0.681
440,Furthest Thing,Drake,67,0.149,0.485,0.0568,-5.261,0.142,0.267,0.78
441,Started From the Bottom,Drake,67,0.0331,0.794,0.156,-7.829,0.161,0.56,0.523
442,Love Song,Sara Bareilles,68,0.0208,0.583,0.188,-3.142,0.0301,0.573,0.786
443,Vegas,Sara Bareilles,68,0.00881,0.629,0.182,-5.85,0.0305,0.6,0.603
444,Bottle It Up,Sara Bareilles,68,0.202,0.647,0.157,-4.161,0.0298,0.706,0.718
445,Kaleidoscope Heart,Sara Bareilles,68,0.806,0.455,0.0817,-11.853,0.0927,0.235,0.0516
446,Uncharted,Sara Bareilles,68,0.285,0.456,0.0343,-3.725,0.0435,0.724,0.728
447,Gonna Get Over You,Sara Bareilles,68,0.0199,0.619,0.126,-4.642,0.0301,0.605,0.799
448,Once Upon Another Time,Sara Bareilles,68,0.896,0.275,0.231,-14.504,0.0493,0.0551,0.216
449,Stay,Sara Bareilles,68,0.589,0.262,0.14,-8.496,0.031,0.181,0.341
450,Lie to Me,Sara Bareilles,68,0.0516,0.683,0.0937,-6.878,0.0425,0.795,0.622
451,Ten Thousand Hours,Macklemore & Ryan Lewis,69,0.199,0.374,0.144,-7.566,0.305,0.535,0.758
452,Thrift Shop (feat. Wanz),Macklemore & Ryan Lewis,69,0.0619,0.781,0.0457,-6.985,0.293,0.662,0.526
453,Ten Thousand Hours,Macklemore & Ryan Lewis,69,0.199,0.374,0.144,-7.566,0.305,0.535,0.758
454,Thrift Shop (feat. Wanz),Macklemore & Ryan Lewis,69,0.0619,0.781,0.0457,-6.985,0.293,0.662,0.526
455,Ten Thousand Hours,Macklemore & Ryan Lewis,69,0.199,0.374,0.144,-7.566,0.305,0.535,0.758
456,Thrift Shop (feat. Wanz),Macklemore & Ryan Lewis,69,0.0619,0.781,0.0457,-6.985,0.293,0.662,0.526
457,Beneath Your Beautiful (feat. Emeli Sandé),Labrinth,70,0.228,0.558,0.104,-5.857,0.036,0.228,0.522
458,Express Yourself,Labrinth,70,0.108,0.631,0.0793,-3.786,0.172,0.485,0.778
459,Let the Sun Shine,Labrinth,70,0.378,0.631,0.262,-3.984,0.0349,0.441,0.783
460,New Girl,Labrinth,70,0.982,0.668,0.0775,-20.564,0.0615,0.127,0.0817
461,Formula,Labrinth,70,0.0415,0.572,0.146,-6.069,0.0409,0.226,0.664
462,Preparing for Call,Labrinth,70,0.0551,0.679,0.145,-14.792,0.078,0.288,0.493
463,Closer,Ne-Yo,71,0.0321,0.71,0.18,-6.446,0.0754,0.529,0.751
464,Nobody,Ne-Yo,71,0.654,0.422,0.113,-16.962,0.0965,0.269,0.288
465,Single,Ne-Yo,71,0.0617,0.701,0.108,-5.67,0.0713,0.236,0.908
466,Cracks in Mr. Perfect,Ne-Yo,71,0.0805,0.518,0.51,-8.568,0.278,0.397,0.723
467,Lazy Love,Ne-Yo,71,0.218,0.41,0.0895,-8.089,0.0978,0.215,0.591
468,Let Me Love You (Until You Learn to Love Yourself),Ne-Yo,71,0.239,0.666,0.348,-6.667,0.034,0.26,0.68
469,Because of You,Ne-Yo,71,0.528,0.81,0.0951,-5.784,0.0356,0.828,0.538
470,Can We Chill,Ne-Yo,71,0.0995,0.769,0.149,-4.367,0.0922,0.62,0.797
471,Intro,Ariana Grande,72,0.969,0.447,0.327,-12.439,0.0324,0.096,0.182
472,One Last Time,Ariana Grande,72,0.093,0.628,0.096,-5.036,0.0323,0.104,0.593
473,Moonlight,Ariana Grande,72,0.417,0.626,0.048,-7.339,0.0292,0.209,0.412
474,Dangerous Woman,Ariana Grande,72,0.0529,0.662,0.356,-5.369,0.0401,0.29,0.602
475,Be Alright,Ariana Grande,72,0.169,0.813,0.105,-7.667,0.0685,0.587,0.456
476,Filthy,Justin Timberlake,73,0.0354,0.745,0.246,-5.771,0.138,0.645,0.579
477,Midnight Summer Jam,Justin Timberlake,73,0.101,0.805,0.183,-5.198,0.0438,0.721,0.759
478,Sauce,Justin Timberlake,73,0.0598,0.727,0.312,-4.965,0.0401,0.801,0.85
479,Señorita,Justin Timberlake,73,0.0729,0.841,0.0742,-5.351,0.0442,0.87,0.629
480,(Oh No) What You Got,Justin Timberlake,73,0.266,0.811,0.156,-6.973,0.0791,0.9,0.783
481,FutureSex / LoveSound,Justin Timberlake,73,0.117,0.853,0.111,-6.311,0.0702,0.836,0.839
482,SexyBack (feat. Timbaland),Justin Timberlake,73,0.0584,0.967,0.0519,-5.562,0.0789,0.964,0.583
483,Medley: Sexy Ladies / Let Me Talk to You (Prelude),Justin Timberlake,73,0.0124,0.693,0.0871,-5.866,0.285,0.596,0.435
484,I Love It (feat. Charli XCX),Icona Pop,75,0.00952,0.711,0.153,-2.671,0.0284,0.824,0.906
485,All Night,Icona Pop,75,0.00274,0.6,0.831,-3.41,0.0357,0.636,0.905
486,We Got the World,Icona Pop,75,0.00156,0.501,0.186,-3.839,0.0754,0.376,0.931
487,I Love It (feat. Charli XCX) [Cobra Starship Remix] [Radio Edit],Icona Pop,75,0.0926,0.773,0.161,-4.915,0.196,0.34,0.97
488,I Love It (feat. Charli XCX) [Nari & Milani Radio Edit],Icona Pop,75,0.0017,0.6,0.312,-6.804,0.0565,0.193,0.904
489,I Love It (feat. Charli XCX) [Style of Eye Remix],Icona Pop,75,0.0478,0.689,0.084,-7.258,0.0514,0.145,0.916
490,I Love It (feat. Charli XCX),Icona Pop,75,0.00952,0.711,0.153,-2.671,0.0284,0.824,0.906
491,All Night,Icona Pop,75,0.00274,0.6,0.831,-3.41,0.0357,0.636,0.905
492,We Got the World,Icona Pop,75,0.00156,0.501,0.186,-3.839,0.0754,0.376,0.931
493,Clumsy,Fergie,76,0.191,0.731,0.296,-4.046,0.131,0.452,0.563
494,Labels or Love,Fergie,76,0.0623,0.802,0.299,-6.576,0.0857,0.891,0.939
495,Barracuda,Fergie,76,0.00157,0.515,0.185,-4.666,0.237,0.245,0.964
496,Hungry (feat. Rick Ross),Fergie,76,0.0261,0.688,0.254,-5.983,0.0687,0.16,0.698
497,Like It Ain't Nuttin',Fergie,76,0.00201,0.834,0.139,-7.498,0.0442,0.251,0.501
498,You Already Know (feat. Nicki Minaj) [Interlude Version],Fergie,76,0.11,0.626,0.206,-7.804,0.232,0.182,0.468
499,Wings,Little Mix,77,0.000673,0.738,0.285,-3.141,0.127,0.538,0.875
500,DNA,Little Mix,77,0.0325,0.536,0.12,-4.888,0.0492,0.325,0.696
501,Change Your Life,Little Mix,77,0.0786,0.514,0.359,-4.011,0.0406,0.361,0.756
502,Salute,Little Mix,77,0.0992,0.641,0.285,-5.324,0.051,0.352,0.732
503,Move,Little Mix,77,0.00436,0.85,0.549,-4.57,0.0918,0.765,0.741
504,Little Me,Little Mix,77,0.206,0.371,0.181,-5.092,0.0785,0.544,0.795
505,Black Magic,Little Mix,77,0.0348,0.777,0.317,-4.464,0.0618,0.826,0.895
506,Love Me Like You,Little Mix,77,0.208,0.785,0.285,-3.936,0.043,0.848,0.674
507,Weird People,Little Mix,77,0.0143,0.746,0.391,-3.985,0.054,0.786,0.877
508,I Go Back,Selena Gomez,79,0.00905,0.548,0.0966,-4.115,0.0495,0.576,0.788
509,When the Sun Goes Down,Selena Gomez,79,0.0892,0.68,0.0353,-3.829,0.0767,0.89,0.799
510,Round & Round,Selena Gomez,79,0.00242,0.537,0.584,-4.065,0.0705,0.572,0.691
511,A Year Without Rain,Selena Gomez,79,0.0125,0.627,0.111,-5.296,0.0431,0.409,0.81
512,Rock God,Selena Gomez,79,0.0437,0.743,0.0759,-3.421,0.166,0.841,0.873
513,Sucker,Jonas Brothers,81,0.0427,0.842,0.106,-5.065,0.0588,0.952,0.734
514,Cool,Jonas Brothers,81,0.00873,0.683,0.156,-5.487,0.0423,0.62,0.598
515,Only Human,Jonas Brothers,81,0.108,0.795,0.0645,-5.883,0.0722,0.874,0.496
516,That's Just the Way We Roll,Jonas Brothers,81,0.0048,0.552,0.123,-3.374,0.0394,0.77,0.855
517,Hold On,Jonas Brothers,81,0.00382,0.468,0.368,-3.555,0.132,0.817,0.892
518,BB Good,Jonas Brothers,81,0.0294,0.656,0.0546,-5.213,0.0398,0.891,0.901
519,Silent Night,Mariah Carey,82,0.812,0.17,0.113,-11.673,0.0347,0.244,0.362
520,All I Want For Christmas Is You,Mariah Carey,82,0.164,0.335,0.0708,-7.462,0.0386,0.346,0.625
521,O Holy Night,Mariah Carey,82,0.367,0.362,0.154,-7.208,0.0287,0.192,0.505
522,Touch My Body,Mariah Carey,82,0.0996,0.715,0.224,-7.736,0.0502,0.84,0.665
523,Goodies,Ciara,83,0.0277,0.826,0.298,-6.306,0.0491,0.872,0.647
524,"One, Two Step",Ciara,83,0.042,0.944,0.0379,-10.96,0.161,0.842,0.511
525,Thug Style,Ciara,83,0.0987,0.832,0.109,-9.246,0.234,0.609,0.425
526,Goodies,Ciara,83,0.0277,0.826,0.298,-6.306,0.0491,0.872,0.647
527,"One, Two Step",Ciara,83,0.042,0.944,0.0379,-10.96,0.161,0.842,0.511
528,Thug Style,Ciara,83,0.0987,0.832,0.109,-9.246,0.234,0.609,0.425
529,Jackie (B.M.F.),Ciara,83,0.0139,0.52,0.393,-5.56,0.161,0.228,0.738
530,That's How I'm Feelin' (feat. Pitbull & Missy Elliott),Ciara,83,0.00411,0.846,0.375,-6.857,0.0664,0.317,0.812
531,Lullaby,Ciara,83,0.24,0.775,0.361,-7.26,0.0595,0.361,0.51
532,Who Will Save Your Soul,Jewel,84,0.704,0.686,0.13,-9.712,0.0419,0.753,0.467
533,Pieces of You,Jewel,84,0.925,0.41,0.735,-12.459,0.0352,0.167,0.132
534,Little Sister,Jewel,84,0.884,0.424,0.867,-13.422,0.0442,0.485,0.233
535,Stronger Woman,Jewel,84,0.173,0.441,0.27,-4.113,0.0453,0.561,0.804
536,I Do,Jewel,84,0.237,0.736,0.0495,-5.114,0.0374,0.571,0.719
537,Love Is a Garden,Jewel,84,0.434,0.624,0.119,-4.58,0.0349,0.324,0.557
538,No Good In Goodbye,Jewel,84,0.0202,0.446,0.0813,-3.941,0.0718,0.715,0.858
539,I Love You Forever,Jewel,84,0.156,0.712,0.166,-2.948,0.0292,0.581,0.842
540,Fading,Jewel,84,0.694,0.472,0.0947,-10.308,0.0301,0.665,0.324
541,Motivation (feat. Lil Wayne),Kelly Rowland,85,0.00723,0.613,0.411,-6.494,0.0461,0.364,0.748
542,Like This (feat. Eve),Kelly Rowland,85,0.00193,0.676,0.0627,-5.963,0.267,0.489,0.73
543,Comeback,Kelly Rowland,85,0.0443,0.785,0.0454,-7.238,0.104,0.874,0.703
544,Ghetto (feat. Snoop Dogg),Kelly Rowland,85,0.0414,0.612,0.218,-5.884,0.308,0.729,0.693
545,Freak,Kelly Rowland,85,0.125,0.65,0.121,-5.053,0.0581,0.448,0.782
546,Kisses Down Low,Kelly Rowland,85,0.0168,0.632,0.104,-9.324,0.0678,0.238,0.724
547,Love in the Future (Intro),John Legend,86,0.943,0.302,0.349,-7.998,0.0336,0.359,0.373
548,The Beginning...,John Legend,86,0.492,0.516,0.273,-5.453,0.242,0.566,0.834
549,Open Your Eyes,John Legend,86,0.576,0.663,0.237,-5.505,0.0287,0.611,0.699
550,Save Room,John Legend,86,0.0457,0.69,0.0969,-6.131,0.0264,0.375,0.572
551,Heaven,John Legend,86,0.118,0.418,0.187,-6.389,0.259,0.446,0.824
552,Stereo,John Legend,86,0.055,0.733,0.169,-6.668,0.033,0.732,0.701
553,I Know Better,John Legend,86,0.802,0.369,0.185,-6.543,0.0347,0.262,0.422
554,Penthouse Floor (feat. Chance the Rapper),John Legend,86,0.451,0.671,0.101,-4.768,0.368,0.767,0.742
555,Darkness and Light (feat. Brittany Howard),John Legend,86,0.16,0.593,0.0765,-3.717,0.183,0.6,0.783
556,Money On My Mind,Sam Smith,87,0.204,0.688,0.229,-5.217,0.179,0.743,0.841
557,Good Thing,Sam Smith,87,0.634,0.615,0.336,-10.708,0.0529,0.27,0.311
558,Stay With Me,Sam Smith,87,0.497,0.473,0.103,-10.599,0.0418,0.169,0.338
559,Too Good at Goodbyes,Sam Smith,87,0.64,0.681,0.169,-8.237,0.0432,0.476,0.372
560,Say It First,Sam Smith,87,0.766,0.566,0.111,-10.293,0.0914,0.156,0.407
561,One Last Song,Sam Smith,87,0.367,0.672,0.321,-6.43,0.0284,0.485,0.53
562,Safe With Me,Sam Smith,87,0.028,0.62,0.37,-6.812,0.0533,0.315,0.663
563,Nirvana,Sam Smith,87,0.528,0.501,0.101,-8.108,0.0475,0.393,0.578
564,Can I Have It Like That,Pharrell Williams,88,0.129,0.745,0.0811,-7.532,0.239,0.376,0.525
565,How Does It Feel?,Pharrell Williams,88,0.236,0.727,0.142,-5.187,0.266,0.863,0.934
566,Raspy Shit,Pharrell Williams,88,0.131,0.819,0.259,-5.116,0.186,0.734,0.793
567,Rude,MAGIC!,89,0.0423,0.774,0.305,-4.995,0.0389,0.931,0.756
568,No Evil,MAGIC!,89,0.0195,0.67,0.359,-4.583,0.0736,0.744,0.867
569,Let Your Hair Down,MAGIC!,89,0.0934,0.649,0.182,-6.924,0.0497,0.466,0.592
570,Have It All,MAGIC!,89,0.009,0.657,0.175,-5.337,0.0441,0.728,0.859
571,Lay You Down Easy (feat. Sean Paul),MAGIC!,89,0.0591,0.649,0.364,-4.918,0.0694,0.943,0.87
572,Gloria,MAGIC!,89,0.00165,0.521,0.269,-4.127,0.0655,0.848,0.949
573,Coins In a Fountain,Passenger,90,0.455,0.638,0.132,-10.793,0.0465,0.486,0.553
574,27,Passenger,90,0.0165,0.54,0.0882,-6.765,0.0693,0.696,0.851
575,Heart's On Fire,Passenger,90,0.641,0.416,0.132,-12.323,0.0293,0.152,0.329
576,Coins In a Fountain,Passenger,90,0.455,0.638,0.132,-10.793,0.0465,0.486,0.553
577,27,Passenger,90,0.0165,0.54,0.0882,-6.765,0.0693,0.696,0.851
578,Heart's On Fire,Passenger,90,0.641,0.416,0.132,-12.323,0.0293,0.152,0.329
579,Pompeii,Bastille,91,0.0973,0.68,0.324,-6.908,0.0422,0.568,0.69
580,Things We Lost in the Fire,Bastille,91,0.0636,0.587,0.267,-4.878,0.0581,0.629,0.918
581,Bad Blood,Bastille,91,0.0157,0.663,0.0755,-5.496,0.0375,0.94,0.777
582,Pompeii,Bastille,91,0.0973,0.68,0.324,-6.908,0.0422,0.568,0.69
583,Things We Lost in the Fire,Bastille,91,0.0636,0.587,0.267,-4.878,0.0581,0.629,0.918
584,Bad Blood,Bastille,91,0.0157,0.663,0.0755,-5.496,0.0375,0.94,0.777
585,Good Grief,Bastille,91,0.156,0.723,0.0975,-10.436,0.0873,0.886,0.608
586,The Currents,Bastille,91,0.0686,0.581,0.0601,-4.762,0.0504,0.565,0.739
587,An Act of Kindness,Bastille,91,0.535,0.402,0.503,-3.835,0.101,0.245,0.843
588,Tennis Court,Lorde,92,0.0126,0.764,0.257,-8.585,0.0609,0.428,0.567
589,400 Lux,Lorde,92,0.0787,0.512,0.134,-8.36,0.0371,0.194,0.474
590,Royals,Lorde,92,0.121,0.674,0.132,-9.504,0.122,0.337,0.428
591,Tennis Court,Lorde,92,0.0126,0.764,0.257,-8.585,0.0609,0.428,0.567
592,400 Lux,Lorde,92,0.0787,0.512,0.134,-8.36,0.0371,0.194,0.474
593,Royals,Lorde,92,0.121,0.674,0.132,-9.504,0.122,0.337,0.428
594,Green Light,Lorde,92,0.0209,0.594,0.0879,-7.812,0.0957,0.253,0.721
595,Sober,Lorde,92,0.173,0.796,0.126,-10.369,0.181,0.516,0.467
596,Homemade Dynamite,Lorde,92,0.229,0.781,0.127,-4.997,0.0764,0.175,0.548
597,Tribute,John Newman,93,0.105,0.546,0.11,-6.448,0.044,0.224,0.584
598,Love Me Again,John Newman,93,0.00453,0.495,0.103,-4.814,0.0441,0.213,0.894
599,Losing Sleep,John Newman,93,0.064,0.65,0.18,-4.872,0.0699,0.549,0.862
600,All My Heart,John Newman,93,0.00121,0.407,0.324,-4.709,0.0785,0.689,0.882
601,Something Special,John Newman,93,0.00119,0.531,0.254,-5.901,0.038,0.369,0.772
602,Love Me Again,John Newman,93,0.00453,0.495,0.103,-4.814,0.0441,0.213,0.894
603,Love Me Again,John Newman,93,0.00453,0.495,0.103,-4.814,0.0441,0.213,0.894
604,Love Me Again,John Newman,93,0.00453,0.495,0.103,-4.814,0.0441,0.213,0.894
605,Intro,Disclosure,94,0.114,0.477,0.366,-8.901,0.362,0.476,0.611
606,When a Fire Starts to Burn,Disclosure,94,0.00963,0.86,0.243,-6.956,0.207,0.672,0.732
607,Intro,Disclosure,94,0.114,0.477,0.366,-8.901,0.362,0.476,0.611
608,When a Fire Starts To Burn,Disclosure,94,0.00963,0.86,0.243,-6.956,0.207,0.672,0.732
609,I Want You Back,Michael Jackson,95,0.245,0.704,0.132,-10.892,0.0639,0.652,0.811
610,ABC,Michael Jackson,95,0.0595,0.701,0.0825,-1.386,0.126,0.814,0.979
611,Wanna Be Startin' Somethin',Michael Jackson,95,0.0219,0.846,0.0623,-4.206,0.0438,0.899,0.922
612,Baby Be Mine,Michael Jackson,95,0.0848,0.843,0.0741,-10.288,0.0949,0.664,0.483
613,The Girl Is Mine (with Paul McCartney),Michael Jackson,95,0.269,0.671,0.18,-6.673,0.0558,0.651,0.636
614,She Looks So Perfect,5 Seconds of Summer,96,0.000569,0.494,0.327,-4.237,0.132,0.441,0.951
615,Good Girls,5 Seconds of Summer,96,0.0152,0.528,0.121,-5.203,0.0792,0.576,0.911
616,Money,5 Seconds of Summer,96,0.00549,0.517,0.361,-5.075,0.2,0.571,0.913
617,She's Kinda Hot,5 Seconds of Summer,96,0.00182,0.664,0.109,-4.806,0.0317,0.889,0.908
618,Hey Everybody!,5 Seconds of Summer,96,0.000938,0.753,0.101,-3.737,0.0316,0.853,0.803
619,She Looks So Perfect,5 Seconds of Summer,96,0.000569,0.494,0.327,-4.237,0.132,0.441,0.951
620,Heartache On the Big Screen,5 Seconds of Summer,96,0.00235,0.686,0.223,-4.733,0.0458,0.778,0.803
621,The Only Reason,5 Seconds of Summer,96,8.19E-06,0.35,0.558,-6.319,0.0464,0.299,0.812
622,Walk the Line,Iggy Azalea,97,0.266,0.621,0.279,-6.139,0.22,0.742,0.899
623,Work,Iggy Azalea,97,0.0631,0.699,0.414,-4.898,0.144,0.491,0.804
624,Walk the Line,Iggy Azalea,97,0.266,0.621,0.279,-6.139,0.22,0.742,0.899
625,Talk Dirty (feat. 2 Chainz),Jason Derulo,98,0.0348,0.76,0.307,-7.321,0.232,0.759,0.652
626,Wiggle (feat. Snoop Dogg),Jason Derulo,98,0.0802,0.697,0.162,-6.886,0.25,0.721,0.621
627,Trumpets,Jason Derulo,98,0.563,0.627,0.0962,-4.884,0.236,0.64,0.703
628,Want to Want Me,Jason Derulo,98,0.00906,0.775,0.109,-5.508,0.0629,0.656,0.68
629,Talk Dirty (feat. 2 Chainz),Jason Derulo,98,0.0348,0.76,0.307,-7.321,0.232,0.759,0.652
630,Wiggle (feat. Snoop Dogg),Jason Derulo,98,0.0802,0.697,0.162,-6.886,0.25,0.721,0.621
631,Want to Want Me,Jason Derulo,98,0.00906,0.775,0.109,-5.508,0.0629,0.656,0.68
632,Cheyenne,Jason Derulo,98,0.0126,0.652,0.12,-5.843,0.116,0.289,0.761
633,Get Ugly,Jason Derulo,98,0.0462,0.75,0.297,-4.829,0.12,0.539,0.683
634,The One,The Chainsmokers,99,0.238,0.76,0.294,-11.362,0.0284,0.15,0.303
635,Break Up Every Night,The Chainsmokers,99,0.00411,0.624,0.0872,-5.957,0.0437,0.528,0.806
636,Bloodstream,The Chainsmokers,99,0.0317,0.62,0.172,-5.889,0.0259,0.164,0.627
637,Setting Fires,The Chainsmokers,99,0.017,0.627,0.261,-5.751,0.0376,0.561,0.717
638,All We Know (feat. Phoebe Ryan),The Chainsmokers,99,0.0985,0.666,0.112,-8.769,0.0314,0.332,0.59
639,Closer (feat. Halsey),The Chainsmokers,99,0.414,0.748,0.111,-5.599,0.0338,0.661,0.524
640,Roses (feat. ROZES),The Chainsmokers,99,0.0299,0.718,0.225,-7.652,0.0473,0.309,0.808
641,New York City,The Chainsmokers,99,0.0127,0.564,0.133,-6.828,0.038,0.0624,0.639
642,Until You Were Gone (feat. Emily Warren),The Chainsmokers,99,0.0492,0.569,0.0569,-7.382,0.0461,0.363,0.635
643,Skinny Love,Birdy,100,0.959,0.372,0.13,-8.479,0.05,0.149,0.304
644,Wings,Birdy,100,0.0831,0.474,0.162,-4.534,0.0253,0.224,0.707
645,Heart of Gold,Birdy,100,0.155,0.678,0.152,-4.426,0.0322,0.309,0.623
646,Growing Pains,Birdy,100,0.118,0.432,0.304,-5.49,0.121,0.589,0.833
647,Shadow,Birdy,100,0.406,0.521,0.112,-7.675,0.0398,0.281,0.643
648,Keeping Your Head Up,Birdy,100,0.156,0.599,0.189,-5.033,0.0527,0.529,0.78
649,Skinny Love,Birdy,100,0.959,0.372,0.13,-8.479,0.05,0.149,0.304
650,Wings,Birdy,100,0.0831,0.474,0.162,-4.534,0.0253,0.224,0.707
651,Heart of Gold,Birdy,100,0.155,0.678,0.152,-4.426,0.0322,0.309,0.623
652,Rockstar,A Great Big World,101,0.0813,0.658,0.0932,-7.766,0.0288,0.621,0.756
653,Land of Opportunity,A Great Big World,101,0.122,0.697,0.169,-7.286,0.0348,0.472,0.763
654,Already Home,A Great Big World,101,0.31,0.602,0.14,-7.344,0.0272,0.243,0.404
655,All I Want Is Love,A Great Big World,101,0.0621,0.706,0.0635,-4.65,0.026,0.337,0.799
656,Kaleidoscope,A Great Big World,101,0.0182,0.709,0.167,-5.148,0.0748,0.519,0.913
657,End of the World,A Great Big World,101,0.0709,0.538,0.346,-5.103,0.0423,0.323,0.72
658,When I Was a Boy,A Great Big World,101,0.000227,0.382,0.1,-4.369,0.0407,0.392,0.791
659,Chandelier,Sia,102,0.0197,0.399,0.0685,-2.88,0.0499,0.572,0.787
660,Big Girls Cry,Sia,102,0.0393,0.469,0.105,-4.962,0.0399,0.0938,0.592
661,Burn the Pages,Sia,102,0.0497,0.507,0.121,-4.645,0.155,0.459,0.811
662,Bird Set Free,Sia,102,0.0115,0.438,0.133,-4.284,0.0728,0.31,0.805
663,Alive,Sia,102,0.254,0.508,0.108,-4.217,0.0489,0.444,0.762
664,One Million Bullets,Sia,102,0.102,0.365,0.467,-4.113,0.0521,0.204,0.717
665,The Fight,Sia,102,0.0609,0.675,0.612,-3.739,0.0463,0.804,0.852
666,Clap Your Hands,Sia,102,0.000532,0.699,0.359,-4.925,0.0546,0.778,0.87
667,Stop Trying,Sia,102,0.00281,0.502,0.123,-3.031,0.0369,0.917,0.797
668,3AM (Pull Up) [feat. MØ],Charli XCX,103,0.0481,0.402,0.14,-4.313,0.104,0.624,0.747
669,Blame It On U,Charli XCX,103,0.0202,0.689,0.134,-6.94,0.0758,0.154,0.67
670,Backseat (feat. Carly Rae Jepsen),Charli XCX,103,0.247,0.626,0.393,-5.139,0.0409,0.339,0.607
671,Out of My Head (feat. Tove Lo and ALMA),Charli XCX,103,0.0736,0.851,0.12,-5.157,0.0694,0.42,0.709
672,Lucky,Charli XCX,103,0.632,0.193,0.0973,-8.746,0.033,0.0621,0.335
673,Smile,Lily Allen,104,0.000606,0.577,0.239,-9.369,0.0281,0.739,0.61
674,Knock 'Em Out,Lily Allen,104,0.31,0.564,0.127,-7.832,0.283,0.894,0.665
675,LDN,Lily Allen,104,0.0167,0.678,0.38,-7.548,0.0267,0.9,0.609
676,Everyone's At It,Lily Allen,104,0.0209,0.637,0.426,-6.777,0.063,0.685,0.923
677,The Fear,Lily Allen,104,0.419,0.661,0.107,-6.948,0.0404,0.522,0.847
678,Not Fair,Lily Allen,104,0.0428,0.723,0.245,-6.987,0.0396,0.93,0.86
679,Sheezus,Lily Allen,104,0.148,0.779,0.113,-6.836,0.0442,0.392,0.503
680,L8 CMMR,Lily Allen,104,0.0272,0.785,0.0483,-5.331,0.0386,0.637,0.684
681,Air Balloon,Lily Allen,104,0.0195,0.717,0.201,-6.167,0.0379,0.556,0.678
682,Cannonball,Lea Michele,105,0.0236,0.564,0.194,-3.134,0.0466,0.567,0.816
683,On My Way,Lea Michele,105,0.0648,0.524,0.227,-4.519,0.0617,0.379,0.858
684,Burn with You,Lea Michele,105,0.0272,0.429,0.383,-6.473,0.0523,0.348,0.713
685,It's the Most Wonderful Time of the Year,Lea Michele,105,0.685,0.264,0.0983,-4.691,0.0386,0.551,0.6
686,Have Yourself a Merry Little Christmas,Lea Michele,105,0.958,0.264,0.131,-9.567,0.0356,0.101,0.243
687,Christmas in New York,Lea Michele,105,0.708,0.567,0.116,-7.276,0.032,0.6,0.54
688,Eraser,Ed Sheeran,106,0.086,0.64,0.0509,-5.647,0.0834,0.914,0.812
689,Castle on the Hill,Ed Sheeran,106,0.0232,0.461,0.14,-4.868,0.0989,0.471,0.834
690,Dive,Ed Sheeran,106,0.355,0.761,0.0953,-6.158,0.0399,0.526,0.386
